.mode columns
.headers on
.nullvalue NULL

PRAGMA foreign_keys = ON; 

--insert into user table 
INSERT INTO User(username, userType, password, name, phoneNumber, address, email) VALUES ('JoaoCEO','owner','abcA5ef','Joao Duarte','912345678','Travessa dos Frangos 71', 'joaogates@gmail.com');
INSERT INTO User(username, userType, password, name, phoneNumber, address, email) VALUES ('AlbertoChad','owner','abcd77HHeg','Alberto Serra','932335677','Vila do Conde Fashion Outlet', 'outlet@gmail.com');
INSERT INTO User(username, userType, password, name, phoneNumber, address, email) VALUES ('MiguelAnime','owner','abDJ89eh','Miguel Tavares','912341112','Vale Cambra', 'confimdomundo@gmail.com');
INSERT INTO User(username, userType, password, name, phoneNumber, address, email) VALUES ('marciaGuita','owner','abcHAJA635d','Rita Martini','914784333','Rua dos Camioes', 'lamovida@gmail.com');
INSERT INTO User(username, userType, password, name, phoneNumber, address, email) VALUES ('RitaVodka','owner','dkdk338A','Rita Martini','912343234','Rua dos Papinas 43', 'claro_@gmail.com');
INSERT INTO User(username, userType, password, name, phoneNumber, address, email) VALUES ('AliceAAA','owner','akKjdh838','Alice Bela','912344994','Rua Jardim Don Domingos', 'simsimda@gmail.com');
INSERT INTO User(username, userType, password, name, phoneNumber, address, email) VALUES ('jjBoce','owner','aDJD90cdek','Jorge Jesus','912389222','Rua de Vairao 74', 'jjb@gmail.com');
INSERT INTO User(username, userType, password, name, phoneNumber, address, email) VALUES ('ggGloria','owner','abJSKA99dek','Gloria Matos','912345555','Travessa pacheco 78', 'glmatos@gmail.com');
INSERT INTO User(username, userType, password, name, phoneNumber, address, email) VALUES ('daniJarrr','owner','askjsksKK8dek','Daniel Jardim','916664434','Rua Amarga de Oura 382', 'danijar@gmail.com');
INSERT INTO User(username, userType, password, name, phoneNumber, address, email) VALUES ('rafaLeo','owner','abcdi99dhHHk','Rafael Leao','922344777','Rua dos Gloriosos', 'okLeao@gmail.com');
INSERT INTO User(username, userType, password, name, phoneNumber, address, email) VALUES ('ruruDias','owner','sjsk66tdhAdek','Ruben Dias','956344667','Rua dos Baloes', 'ruru_dias@gmail.com');
INSERT INTO User(username, userType, password, name, phoneNumber, address, email) VALUES ('maMartins','owner','djfk778yhddek','Rita Martini','943554784','Rua dos Mateus', 'martins@gmail.com');
INSERT INTO User(username, userType, password, name, phoneNumber, address, email) VALUES ('marcoccosta','owner','abcd99KSj','Marco Costa','966347844','Travessa Aliado Setimo 56', 'marco@gmail.com');
INSERT INTO User(username, userType, password, name, phoneNumber, address, email) VALUES ('Jimmybutler','owner','ei299MSsAAa','Jimmy Butler','912114987','Largo do Mar Alto 144', 'jmmy@gmail.com');
INSERT INTO User(username, userType, password, name, phoneNumber, address, email) VALUES ('Taremiii','owner','xdkkKj777','Taremi Tuga','933346645','Rua do Feixal 255', 'taremiGod@gmail.com');
INSERT INTO User(username, userType, password, name, phoneNumber, address, email) VALUES ('okBeto','owner','xXfF55332js','Beto Martins','912356478','Rua dos Limoes Amarelos 267', 'betobeto@gmail.com');
INSERT INTO User(username, userType, password, name, phoneNumber, address, email) VALUES ('playSilva','owner','AbcD48kslmN','David Silva','912369887','Travessa Senhor Antonio Bastos 167', 'davids@gmail.com');
INSERT INTO User(username, userType, password, name, phoneNumber, address, email) VALUES ('AlonsoDDD','owner','aJDJK88Lk','Alonso Marques','962390088','Rua dos Guardioes 28', 'alonso@gmail.com');
INSERT INTO User(username, userType, password, name, phoneNumber, address, email) VALUES ('PedroESt','owner','ab5839GHHek','Pedro Esteves','964854123','Rua do Miradouro Azul 47', 'pedroes@gmail.com');
INSERT INTO User(username, userType, password, name, phoneNumber, address, email) VALUES ('DallasD','owner','snmdmAA33bck','Henry Dallas','912356477','Rua do Marques Teles 89', 'dallascc@gmail.com');

INSERT INTO User(username, userType, password, name, phoneNumber, address, email) VALUES ('quimdaldeia','driver','abcdei','Joaquim Botafogo','912342222','Rua Sobe e Desce', 'quimrapina@gmail.com');
INSERT INTO User(username, userType, password, name, phoneNumber, address, email) VALUES ('Ribeirotop','driver','abcdej','Ribeiro Aguiar','912343333','Entroncamento das Quinas', 'rib@gmail.com');
INSERT INTO User(username, userType, password, name, phoneNumber, address, email) VALUES ('mourinho2004','driver','abcdOOO84','José Mourinho','912348888','Avenida dos Campeoes Europeus', 'mou@fcp.pt');
INSERT INTO User(username, userType, password, name, phoneNumber, address, email) VALUES ('henriquehacking','driver','abcajsjiKK09m','Henrique Policia Judiciaria','962341346','Hacking Institute 42','fbi@gmail.com');

INSERT INTO User(username, userType, password, name, phoneNumber, address, email) VALUES ('FilipeSabeTudo','customer','abc92KSK','Filipe Sensato','912345225','Rua Doutor Aveiro 56', 'filipe@gmail.com');
INSERT INTO User(username, userType, password, name, phoneNumber, address, email) VALUES ('ohyesohyes','customer','abcDHD66p','Carlos Cox','912349999','Rua da Avenida', 'carl@gmail.com');
INSERT INTO User(username, userType, password, name, phoneNumber, address, email) VALUES ('Quimtropedo','customer','abEJEEY426eq','Tomás Taveira','912340000','Rua da Freita', 'javaTom@gmail.com');
INSERT INTO User(username, userType, password, name, phoneNumber, address, email) VALUES ('cssnonstop','customer','abdj93Ksr','Maniche Santos','912345121','Vale do Pico', 'Man@gmail.com');
INSERT INTO User(username, userType, password, name, phoneNumber, address, email) VALUES ('tigiMarq','customer','asJJj96Ksr','Tiago Marques','912345991','Travessa da Manha 31', 'tjmarquesn@gmail.com');
INSERT INTO User(username, userType, password, name, phoneNumber, address, email) VALUES ('joaoJardim','customer','aasJJj89HKLKsr','Joao Jardim','912342691','Rua do Areeiro 46', 'jjardim@gmail.com');
INSERT INTO User(username, userType, password, name, phoneNumber, address, email) VALUES ('olioli','customer','KKJJ396Ksr','Olivia Leonor','912366691','Rua da Estela Rebelo 29', 'oliviaL@gmail.com');
INSERT INTO User(username, userType, password, name, phoneNumber, address, email) VALUES ('Henryyyy','customer','asJJKSLA839Ssr','Henry Macedo','912340091','Rua do Rato Azul 12', 'HenryM@gmail.com');
INSERT INTO User(username, userType, password, name, phoneNumber, address, email) VALUES ('marciaEsteee','customer','asJSCNDJ78Ksr','Marcia Esteves','912000991','Rua de Sete Rios 93', 'cinha@gmail.com');
INSERT INTO User(username, userType, password, name, phoneNumber, address, email) VALUES ('goodKing','customer','adkkY256j96Ksr','Lebron James ','912347791','Rua da Campanha 43', 'lebronnn@gmail.com');
INSERT INTO User(username, userType, password, name, phoneNumber, address, email) VALUES ('crisSiu','customer','asJJskal92KS52sr','Cristiano Ronaldo','985345991','Rua da Madeira Manuel 17', 'crissiu@gmail.com');

--insert into menu table
INSERT INTO Menu (idMenu) VALUES (1);
INSERT INTO Menu (idMenu) VALUES (2);
INSERT INTO Menu (idMenu) VALUES (3);
INSERT INTO Menu (idMenu) VALUES (4);
INSERT INTO Menu (idMenu) VALUES (5);
INSERT INTO Menu (idMenu) VALUES (6);
INSERT INTO Menu (idMenu) VALUES (7);
INSERT INTO Menu (idMenu) VALUES (8);
INSERT INTO Menu (idMenu) VALUES (9);
INSERT INTO Menu (idMenu) VALUES (10);
INSERT INTO Menu (idMenu) VALUES (11);
INSERT INTO Menu (idMenu) VALUES (12);
INSERT INTO Menu (idMenu) VALUES (13);
INSERT INTO Menu (idMenu) VALUES (14);
INSERT INTO Menu (idMenu) VALUES (15);
INSERT INTO Menu (idMenu) VALUES (16);
INSERT INTO Menu (idMenu) VALUES (17);
INSERT INTO Menu (idMenu) VALUES (18);
INSERT INTO Menu (idMenu) VALUES (19);
INSERT INTO Menu (idMenu) VALUES (20);

--insert into restaurant table
INSERT INTO Restaurant (idRestaurant, name, classification, address, description, serviceHours, maxPrice, minPrice, user, menu) VALUES (1,'McDonalds',5,'Praça da Liberdade, 4000-069 Porto','Fast Food','24h',50,2,'JoaoCEO',1);
INSERT INTO Restaurant (idRestaurant, name, classification, address, description, serviceHours, maxPrice, minPrice, user, menu) VALUES (2,'Burger King',4,      'NorteShopping: R. Sara Afonso, 4460-841 Sra. da Hora','Fast Food','24h',60,3,'AlbertoChad',2);
INSERT INTO Restaurant (idRestaurant, name, classification, address, description, serviceHours, maxPrice, minPrice, user, menu) VALUES (3,'KFC',3,               'Arrabida Shopping: Praceta de Henrique Moreira 244, 4400-346 Vila Nova de Gaia','Fast Food','24h',75,2,'MiguelAnime',3);
INSERT INTO Restaurant (idRestaurant, name, classification, address, description, serviceHours, maxPrice, minPrice, user, menu) VALUES (4,'Cascata',3,           'Parque Nascente: Praceta Parque Nascente 35, 4435-182 Rio Tinto','Tradicional','9h-22h',120,10,'marciaGuita',4);
INSERT INTO Restaurant (idRestaurant, name, classification, address, description, serviceHours, maxPrice, minPrice, user, menu) VALUES (5,'Sancho Panza',4,      'R. de Rei Ramiro 786, 4400-281 Vila Nova de Gaia','Tapas','15h-03h',50,15,'RitaVodka',5);
INSERT INTO Restaurant (idRestaurant, name, classification, address, description, serviceHours, maxPrice, minPrice, user, menu) VALUES (6,'Vitaminas',5,         'Alameda Shopping: R. dos Campeões Europeus nº 28 198, 4350-414 Porto','Healthy','9h-22h',70,2,'AliceAAA',6);
INSERT INTO Restaurant (idRestaurant, name, classification, address, description, serviceHours, maxPrice, minPrice, user, menu) VALUES (7,'Tomatino',4,          'Alameda Shopping: R. dos Campeões Europeus nº 28 198, 4350-414 Porto','Italiana','12h-20h',80,5,'jjBoce',7);
INSERT INTO Restaurant (idRestaurant, name, classification, address, description, serviceHours, maxPrice, minPrice, user, menu) VALUES (8,'H3',2,                'Alameda Shopping: R. dos Campeões Europeus nº 28 198, 4350-414 Porto','Hamburguers','12h-20h',200,5,'ggGloria',8);
INSERT INTO Restaurant (idRestaurant, name, classification, address, description, serviceHours, maxPrice, minPrice, user, menu) VALUES (9,'Temple Sushi',5,      'Afurada: R. da Praia 430, 4400-554 Vila Nova de Gaia','Sushi','20h-24h',350,5,'daniJarrr',9);
INSERT INTO Restaurant (idRestaurant, name, classification, address, description, serviceHours, maxPrice, minPrice, user, menu) VALUES (10,'Pizza Hut',5,        'MarShopping: Av. Dr. Óscar Lopes, 4450-337 Leça da Palmeira','Italiana','10h-20h',40,5,'rafaLeo',10);
INSERT INTO Restaurant (idRestaurant, name, classification, address, description, serviceHours, maxPrice, minPrice, user, menu) VALUES (11,'Pans & Company',3,   'R. de Gonçalo Sampaio 350, 4150-365 Porto','Sandes','15h-20h',70,10,'ruruDias',11);
INSERT INTO Restaurant (idRestaurant, name, classification, address, description, serviceHours, maxPrice, minPrice, user, menu) VALUES (12,'100 Montaditos',2,   'Arrábida Shopping: Praceta de Henrique Moreira 244, 4400-346 Vila Nova de Gaia','Tappas','20h-23h',60,5,'maMartins',12);
INSERT INTO Restaurant (idRestaurant, name, classification, address, description, serviceHours, maxPrice, minPrice, user, menu) VALUES (13,'Taberna Belga',5,    'R. Cónego Luciano Afonso dos Santos 2, 4700-371 Braga','Tradicional','17h-22h',90,5,'marcoccosta',13);
INSERT INTO Restaurant (idRestaurant, name, classification, address, description, serviceHours, maxPrice, minPrice, user, menu) VALUES (14,'Alfandega Douro',5,  'Alfandega do Porto: R. Nova da Alfândega, 4050-430 Porto','Tradicional','15h-20h',80,5,'Jimmybutler',14);
INSERT INTO Restaurant (idRestaurant, name, classification, address, description, serviceHours, maxPrice, minPrice, user, menu) VALUES (15,'Taberna Londrina',3, 'Circunvalação: Estr. da Circunvalação 7964, 4200-537 Porto','Tradicional','15h-21h',30,5,'Taremiii',15);
INSERT INTO Restaurant (idRestaurant, name, classification, address, description, serviceHours, maxPrice, minPrice, user, menu) VALUES (16,'O Barril',3,         'Av. 5 de Outubro 43, 4440-503 Valongo','Tradicional','24h',10,5,'okBeto',16);
INSERT INTO Restaurant (idRestaurant, name, classification, address, description, serviceHours, maxPrice, minPrice, user, menu) VALUES (17,'Sabor Gaucho',2,     'Gaia Shopping: Av. dos Descobrimentos 549, 4404-503 Vila Nova de Gaia','Brasileira','15h-03h',6,5,'playSilva',17);
INSERT INTO Restaurant (idRestaurant, name, classification, address, description, serviceHours, maxPrice, minPrice, user, menu) VALUES (18,'Alibaba Kebab',2,    'Parque Nascente: Praceta Parque Nascente 35, 4435-182 Rio Tinto','Médio Oriente','10h-15h',7,5,'AlonsoDDD',18);
INSERT INTO Restaurant (idRestaurant, name, classification, address, description, serviceHours, maxPrice, minPrice, user, menu) VALUES (19,'Telepizza',4,        'Avenida Gondomar: R. Dr. Severiano 247 R/C, 4510-554 Fânzeres','Italiana','24h',90,50,'PedroESt',19);
INSERT INTO Restaurant (idRestaurant, name, classification, address, description, serviceHours, maxPrice, minPrice, user, menu) VALUES (20,'Wok to Walk',3,      'NorteShopping: R. Sara Afonso, 4460-841 Sra. da Hora','Tradicional','13h-21h',80,70,'DallasD',20);

-- Vehicles

INSERT INTO Vehicle (idVehicle, Vehicle, licensePlate, user) VALUES (1, 'Piaggio 50', 'XY-00-AB', 'quimdaldeia');
INSERT INTO Vehicle (idVehicle, Vehicle, licensePlate, user) VALUES (2, 'Benelli BN 125', 'AY-01-CB', 'Ribeirotop');
INSERT INTO Vehicle (idVehicle, Vehicle, licensePlate, user) VALUES (3, 'Honda PCX 125', 'BB-02-AB', 'henriquehacking');
INSERT INTO Vehicle (idVehicle, Vehicle, licensePlate, user) VALUES (4, 'KTM Duke 125', 'AB-03-LO', 'mourinho2004');

--Category

INSERT INTO Category(idCategory,name) VALUES(1,'Italian');
INSERT INTO Category(idCategory,name) VALUES(2,'Sushi');
INSERT INTO Category(idCategory,name) VALUES(3,'Portuguese');
INSERT INTO Category(idCategory,name) VALUES(4,'Indian');
INSERT INTO Category(idCategory,name) VALUES(5,'Fast-Food');
INSERT INTO Category(idCategory,name) VALUES(6,'Middle-East');
INSERT INTO Category(idCategory,name) VALUES(7,'Healthy');
INSERT INTO Category(idCategory,name) VALUES(8,'Tapas');
INSERT INTO Category(idCategory,name) VALUES(9,'Brasileira');

-- Dish (fix category values)

INSERT INTO Dish(idDish, name, description, price, category) VALUES (1, 'Francesinha', 'Francesinha com ovo e batata', 15, 3);
INSERT INTO Dish(idDish, name, description, price, category) VALUES (2, 'Pizza Margherita', 'Pizza com tomate e queijo', 10, 1);
INSERT INTO Dish(idDish, name, description, price, category) VALUES (3, 'Kebab', 'Kebab com salada e caril', 7, 6);
INSERT INTO Dish(idDish, name, description, price, category) VALUES (4, 'Coxas Frango', 'Coxas de Frango', 10, 5);
INSERT INTO Dish(idDish, name, description, price, category) VALUES (5, 'Double Cheese', 'Double hamburguer com queijo', 10, 5);
INSERT INTO Dish(idDish, name, description, price, category) VALUES (6, 'CBO', 'Hamburguer frango com queijo', 7, 5);
INSERT INTO Dish(idDish, name, description, price, category) VALUES (7, 'Big Tasty', 'Hamburguer XXL com queijo e bacon', 8, 5);
INSERT INTO Dish(idDish, name, description, price, category) VALUES (8, 'Salada Mista', 'Massa com alface e bróculos', 15, 7);
INSERT INTO Dish(idDish, name, description, price, category) VALUES (9, 'Bacalhau', 'Batata frita com bacalhau', 15, 3);
INSERT INTO Dish(idDish, name, description, price, category) VALUES (10, 'Menu Degustacao', 'Arroz tomate, panadinhos, broa recheada', 20, 8);
INSERT INTO Dish(idDish, name, description, price, category) VALUES (11, 'Pescada Grelhada', 'Peixe com arroz de tomate', 15, 1);
INSERT INTO Dish(idDish, name, description, price, category) VALUES (12, '30 Peças Sushi', 'Sushi', 15, 2);
INSERT INTO Dish(idDish, name, description, price, category) VALUES (13, 'Bifes Perú', 'Bifes Peru com ovo e batata', 15, 3);
INSERT INTO Dish(idDish, name, description, price, category) VALUES (14, 'Pizza SeaFood', 'Pizza com Camarão', 16, 1);
INSERT INTO Dish(idDish, name, description, price, category) VALUES (15, 'Pizza Diabola', 'Pizza com pepperoni e bacon', 25, 3);
INSERT INTO Dish(idDish, name, description, price, category) VALUES (16, 'Francesinha', 'Francesinha com ovo e batata', 12, 1);
INSERT INTO Dish(idDish, name, description, price, category) VALUES (17, 'Francesinha', 'Francesinha com ovo e batata com bife perú', 15, 1);
INSERT INTO Dish(idDish, name, description, price, category) VALUES (18, 'Salada Russa', 'Batata ovo e azeitonas', 11, 7);
INSERT INTO Dish(idDish, name, description, price, category) VALUES (19, 'Arroz Polvo', 'Arroz com Polvo', 8, 1);
INSERT INTO Dish(idDish, name, description, price, category) VALUES (20, 'Lagosta', 'lagosta em sushi', 45, 2);
INSERT INTO Dish(idDish, name, description, price, category) VALUES (21, 'Salada com tomate', 'Salada com tomate e oregãos', 10, 7);
INSERT INTO Dish(idDish, name, description, price, category) VALUES (22, 'Prato Queijos', 'Prato queijos e bacon', 20, 8);
INSERT INTO Dish(idDish, name, description, price, category) VALUES (23, 'Picanha', 'Carne com batata', 35, 9);
INSERT INTO Dish(idDish, name, description, price, category) VALUES (24, 'Chicken Wrap', 'Wrap com bife perú', 5, 1);
INSERT INTO Dish(idDish, name, description, price, category) VALUES (25, 'Durum Kebab', 'Kebab em wrap', 15, 4);

-- Review Table
INSERT INTO Review (idReview, text, classification, user, restaurant) VALUES (1,   'Excelente', 5, 'FilipeSabeTudo', 1);
INSERT INTO Review (idReview, text, classification, user, restaurant) VALUES (2,   'Decente', 4, 'ohyesohyes', 1);
INSERT INTO Review (idReview, text, classification, user, restaurant) VALUES (3,   'Qualidade assegurada', 5, 'Quimtropedo', 1);
INSERT INTO Review (idReview, text, classification, user, restaurant) VALUES (4,  'Fraco', 2, 'cssnonstop', 1);
INSERT INTO Review (idReview, text, classification, user, restaurant) VALUES (5,  'Decente', 3, 'tigiMarq', 1);
INSERT INTO Review (idReview, text, classification, user, restaurant) VALUES (6,  'O Melhor!', 5, 'joaoJardim', 1);
INSERT INTO Review (idReview, text, classification, user, restaurant) VALUES (7,   'Horrivel', 2, 'FilipeSabeTudo', 1);
INSERT INTO Review (idReview, text, classification, user, restaurant) VALUES (8,   'Espetacular', 4, 'Henryyyy', 1);
INSERT INTO Review (idReview, text, classification, user, restaurant) VALUES (9,   'Divinal', 5, 'crisSiu', 1);
INSERT INTO Review (idReview, text, classification, user, restaurant) VALUES (10, 'Terrivel', 1, 'FilipeSabeTudo', 1);
INSERT INTO Review (idReview, text, classification, user, restaurant) VALUES (11, 'Excelente', 5, 'FilipeSabeTudo', 2);
INSERT INTO Review (idReview, text, classification, user, restaurant) VALUES (12, 'Decente', 4, 'ohyesohyes', 2);
INSERT INTO Review (idReview, text, classification, user, restaurant) VALUES (13, 'Qualidade assegurada', 5, 'Quimtropedo', 2);
INSERT INTO Review (idReview, text, classification, user, restaurant) VALUES (14,  'Fraco', 2, 'cssnonstop', 2);
INSERT INTO Review (idReview, text, classification, user, restaurant) VALUES (15,  'Decente', 3, 'tigiMarq', 2);
INSERT INTO Review (idReview, text, classification, user, restaurant) VALUES (16,  'O Melhor!', 5, 'joaoJardim', 2);
INSERT INTO Review (idReview, text, classification, user, restaurant) VALUES (17, 'Horrivel', 2, 'olioli', 2);
INSERT INTO Review (idReview, text, classification, user, restaurant) VALUES (18, 'Espetacular', 4, 'Henryyyy', 2);
INSERT INTO Review (idReview, text, classification, user, restaurant) VALUES (19, 'Divinal', 5, 'crisSiu', 2);
INSERT INTO Review (idReview, text, classification, user, restaurant) VALUES (20, 'Terrivel', 1, 'FilipeSabeTudo', 2);
INSERT INTO Review (idReview, text, classification, user, restaurant) VALUES (21, 'Excelente', 5, 'crisSiu', 3);
INSERT INTO Review (idReview, text, classification, user, restaurant) VALUES (22, 'Decente', 4, 'ohyesohyes', 3);
INSERT INTO Review (idReview, text, classification, user, restaurant) VALUES (23, 'Qualidade assegurada', 5, 'Quimtropedo', 3);
INSERT INTO Review (idReview, text, classification, user, restaurant) VALUES (24,  'Fraco', 2, 'cssnonstop', 3);
INSERT INTO Review (idReview, text, classification, user, restaurant) VALUES (25,  'Decente', 3, 'tigiMarq', 3);
INSERT INTO Review (idReview, text, classification, user, restaurant) VALUES (26,  'O Melhor!', 5, 'joaoJardim', 3);
INSERT INTO Review (idReview, text, classification, user, restaurant) VALUES (27, 'Horrivel', 2, 'olioli', 3);
INSERT INTO Review (idReview, text, classification, user, restaurant) VALUES (28, 'Espetacular', 4, 'Henryyyy', 3);
INSERT INTO Review (idReview, text, classification, user, restaurant) VALUES (29, 'Divinal', 5, 'crisSiu', 3);
INSERT INTO Review (idReview, text, classification, user, restaurant) VALUES (30, 'Terrivel', 1, 'FilipeSabeTudo', 3);
INSERT INTO Review (idReview, text, classification, user, restaurant) VALUES (31, 'Excelente', 5, 'crisSiu', 4);
INSERT INTO Review (idReview, text, classification, user, restaurant) VALUES (32, 'Decente', 4, 'ohyesohyes', 4);
INSERT INTO Review (idReview, text, classification, user, restaurant) VALUES (33, 'Qualidade assegurada', 5, 'Quimtropedo', 4);
INSERT INTO Review (idReview, text, classification, user, restaurant) VALUES (34,  'Fraco', 2, 'cssnonstop', 4);
INSERT INTO Review (idReview, text, classification, user, restaurant) VALUES (35,  'Decente', 3, 'tigiMarq', 4);
INSERT INTO Review (idReview, text, classification, user, restaurant) VALUES (36,  'O Melhor!', 5, 'joaoJardim', 4);
INSERT INTO Review (idReview, text, classification, user, restaurant) VALUES (37, 'Horrivel', 2, 'olioli',4);
INSERT INTO Review (idReview, text, classification, user, restaurant) VALUES (38, 'Espetacular', 4, 'Henryyyy', 4);
INSERT INTO Review (idReview, text, classification, user, restaurant) VALUES (39, 'Divinal', 5, 'crisSiu', 4);
INSERT INTO Review (idReview, text, classification, user, restaurant) VALUES (40, 'Terrivel', 1, 'FilipeSabeTudo', 4);
INSERT INTO Review (idReview, text, classification, user, restaurant) VALUES (41, 'Excelente', 5, 'Henryyyy', 5);
INSERT INTO Review (idReview, text, classification, user, restaurant) VALUES (42, 'Decente', 4, 'ohyesohyes', 5);
INSERT INTO Review (idReview, text, classification, user, restaurant) VALUES (43, 'Qualidade assegurada', 5, 'Quimtropedo', 5);
INSERT INTO Review (idReview, text, classification, user, restaurant) VALUES (44,  'Fraco', 2, 'cssnonstop', 5);
INSERT INTO Review (idReview, text, classification, user, restaurant) VALUES (45,  'Decente', 3, 'tigiMarq', 5);
INSERT INTO Review (idReview, text, classification, user, restaurant) VALUES (46,  'O Melhor!', 5, 'joaoJardim', 5);
INSERT INTO Review (idReview, text, classification, user, restaurant) VALUES (47, 'Horrivel', 2, 'olioli', 5);
INSERT INTO Review (idReview, text, classification, user, restaurant) VALUES (48, 'Espetacular', 4, 'Henryyyy', 5);
INSERT INTO Review (idReview, text, classification, user, restaurant) VALUES (49, 'Divinal', 5, 'crisSiu', 5);
INSERT INTO Review (idReview, text, classification, user, restaurant) VALUES (50, 'Terrivel', 1, 'FilipeSabeTudo', 5);
INSERT INTO Review (idReview, text, classification, user, restaurant) VALUES (51, 'Excelente', 5, 'marciaEsteee', 6);
INSERT INTO Review (idReview, text, classification, user, restaurant) VALUES (52, 'Decente', 4, 'ohyesohyes', 6);
INSERT INTO Review (idReview, text, classification, user, restaurant) VALUES (53, 'Qualidade assegurada', 5, 'Quimtropedo', 6);
INSERT INTO Review (idReview, text, classification, user, restaurant) VALUES (54,  'Fraco', 2, 'cssnonstop', 6);
INSERT INTO Review (idReview, text, classification, user, restaurant) VALUES (55,  'Decente', 3, 'tigiMarq', 6);
INSERT INTO Review (idReview, text, classification, user, restaurant) VALUES (56,  'O Melhor!', 5, 'joaoJardim', 6);
INSERT INTO Review (idReview, text, classification, user, restaurant) VALUES (57, 'Horrivel', 2, 'olioli', 6);
INSERT INTO Review (idReview, text, classification, user, restaurant) VALUES (58, 'Espetacular', 4, 'Henryyyy', 6);
INSERT INTO Review (idReview, text, classification, user, restaurant) VALUES (59, 'Divinal', 5, 'crisSiu', 6);
INSERT INTO Review (idReview, text, classification, user, restaurant) VALUES (60, 'Terrivel', 1, 'FilipeSabeTudo', 6);
INSERT INTO Review (idReview, text, classification, user, restaurant) VALUES (61, 'Excelente', 5, 'marciaEsteee', 7);
INSERT INTO Review (idReview, text, classification, user, restaurant) VALUES (62, 'Decente', 4, 'ohyesohyes', 7);
INSERT INTO Review (idReview, text, classification, user, restaurant) VALUES (63, 'Qualidade assegurada', 5, 'Quimtropedo', 7);
INSERT INTO Review (idReview, text, classification, user, restaurant) VALUES (64,  'Fraco', 2, 'cssnonstop', 7);
INSERT INTO Review (idReview, text, classification, user, restaurant) VALUES (65,  'Decente', 3, 'tigiMarq', 7);
INSERT INTO Review (idReview, text, classification, user, restaurant) VALUES (66,  'O Melhor!', 5, 'joaoJardim', 7);
INSERT INTO Review (idReview, text, classification, user, restaurant) VALUES (67, 'Horrivel', 2, 'olioli', 7);
INSERT INTO Review (idReview, text, classification, user, restaurant) VALUES (68, 'Espetacular', 4, 'Henryyyy', 7);
INSERT INTO Review (idReview, text, classification, user, restaurant) VALUES (69, 'Divinal', 5, 'crisSiu', 7);
INSERT INTO Review (idReview, text, classification, user, restaurant) VALUES (70, 'Terrivel', 1, 'FilipeSabeTudo', 7);
INSERT INTO Review (idReview, text, classification, user, restaurant) VALUES (71, 'Excelente', 5, 'marciaEsteee', 8);
INSERT INTO Review (idReview, text, classification, user, restaurant) VALUES (72, 'Decente', 4, 'ohyesohyes', 8);
INSERT INTO Review (idReview, text, classification, user, restaurant) VALUES (73, 'Qualidade assegurada', 5, 'Quimtropedo', 8);
INSERT INTO Review (idReview, text, classification, user, restaurant) VALUES (74,  'Fraco', 2, 'cssnonstop', 8);
INSERT INTO Review (idReview, text, classification, user, restaurant) VALUES (75,  'Decente', 3, 'tigiMarq', 8);
INSERT INTO Review (idReview, text, classification, user, restaurant) VALUES (76,  'O Melhor!', 5, 'joaoJardim', 8);
INSERT INTO Review (idReview, text, classification, user, restaurant) VALUES (77, 'Horrivel', 2, 'olioli', 8);
INSERT INTO Review (idReview, text, classification, user, restaurant) VALUES (78, 'Espetacular', 4, 'Henryyyy', 8);
INSERT INTO Review (idReview, text, classification, user, restaurant) VALUES (79, 'Divinal', 5, 'crisSiu', 8);
INSERT INTO Review (idReview, text, classification, user, restaurant) VALUES (80, 'Terrivel', 1, 'FilipeSabeTudo', 8);
INSERT INTO Review (idReview, text, classification, user, restaurant) VALUES (81, 'Excelente', 5, 'marciaEsteee', 9);
INSERT INTO Review (idReview, text, classification, user, restaurant) VALUES (82, 'Decente', 4, 'ohyesohyes', 9);
INSERT INTO Review (idReview, text, classification, user, restaurant) VALUES (83, 'Qualidade assegurada', 5, 'Quimtropedo', 9);
INSERT INTO Review (idReview, text, classification, user, restaurant) VALUES (84,  'Fraco', 2, 'cssnonstop', 9);
INSERT INTO Review (idReview, text, classification, user, restaurant) VALUES (85,  'Decente', 3, 'tigiMarq', 9);
INSERT INTO Review (idReview, text, classification, user, restaurant) VALUES (86,  'O Melhor!', 5, 'joaoJardim', 9);
INSERT INTO Review (idReview, text, classification, user, restaurant) VALUES (87, 'Horrivel', 2, 'olioli', 9);
INSERT INTO Review (idReview, text, classification, user, restaurant) VALUES (88, 'Espetacular', 4, 'Henryyyy', 9);
INSERT INTO Review (idReview, text, classification, user, restaurant) VALUES (89, 'Divinal', 5, 'crisSiu', 9);
INSERT INTO Review (idReview, text, classification, user, restaurant) VALUES (90, 'Terrivel', 1, 'FilipeSabeTudo', 9);
INSERT INTO Review (idReview, text, classification, user, restaurant) VALUES (91, 'Excelente', 5, 'marciaEsteee', 10);
INSERT INTO Review (idReview, text, classification, user, restaurant) VALUES (92, 'Decente', 4, 'ohyesohyes', 10);
INSERT INTO Review (idReview, text, classification, user, restaurant) VALUES (93, 'Qualidade assegurada', 5, 'Quimtropedo', 10);
INSERT INTO Review (idReview, text, classification, user, restaurant) VALUES (94,  'Fraco', 2, 'cssnonstop', 10);
INSERT INTO Review (idReview, text, classification, user, restaurant) VALUES (95,  'Decente', 3, 'tigiMarq', 10);
INSERT INTO Review (idReview, text, classification, user, restaurant) VALUES (96,  'O Melhor!', 5, 'joaoJardim', 10);
INSERT INTO Review (idReview, text, classification, user, restaurant) VALUES (97, 'Horrivel', 2, 'olioli', 10);
INSERT INTO Review (idReview, text, classification, user, restaurant) VALUES (98, 'Espetacular', 4, 'Henryyyy', 10);
INSERT INTO Review (idReview, text, classification, user, restaurant) VALUES (99, 'Divinal', 5, 'crisSiu', 10);
INSERT INTO Review (idReview, text, classification, user, restaurant) VALUES (100, 'Terrivel', 1, 'FilipeSabeTudo', 10);
INSERT INTO Review (idReview, text, classification, user, restaurant) VALUES (101, 'Excelente', 5, 'marciaEsteee', 11);
INSERT INTO Review (idReview, text, classification, user, restaurant) VALUES (102, 'Decente', 4, 'ohyesohyes', 11);
INSERT INTO Review (idReview, text, classification, user, restaurant) VALUES (103, 'Qualidade assegurada', 5, 'Quimtropedo', 11);
INSERT INTO Review (idReview, text, classification, user, restaurant) VALUES (104, 'Fraco', 2, 'cssnonstop', 11);
INSERT INTO Review (idReview, text, classification, user, restaurant) VALUES (105, 'Decente', 3, 'tigiMarq', 11);
INSERT INTO Review (idReview, text, classification, user, restaurant) VALUES (106, 'O Melhor!', 5, 'joaoJardim', 11);
INSERT INTO Review (idReview, text, classification, user, restaurant) VALUES (107, 'Horrivel', 2, 'olioli', 11);
INSERT INTO Review (idReview, text, classification, user, restaurant) VALUES (108, 'Espetacular', 4, 'Henryyyy', 11);
INSERT INTO Review (idReview, text, classification, user, restaurant) VALUES (109, 'Divinal', 5, 'crisSiu', 11);
INSERT INTO Review (idReview, text, classification, user, restaurant) VALUES (110, 'Terrivel', 1, 'FilipeSabeTudo', 11);
INSERT INTO Review (idReview, text, classification, user, restaurant) VALUES (111, 'Excelente', 5, 'marciaEsteee', 12);
INSERT INTO Review (idReview, text, classification, user, restaurant) VALUES (112, 'Decente', 4, 'ohyesohyes', 12);
INSERT INTO Review (idReview, text, classification, user, restaurant) VALUES (113, 'Qualidade assegurada', 5, 'Quimtropedo', 12);
INSERT INTO Review (idReview, text, classification, user, restaurant) VALUES (114, 'Fraco', 2, 'cssnonstop', 12);
INSERT INTO Review (idReview, text, classification, user, restaurant) VALUES (115, 'Decente', 3, 'tigiMarq', 12);
INSERT INTO Review (idReview, text, classification, user, restaurant) VALUES (116, 'O Melhor!', 5, 'joaoJardim', 12);
INSERT INTO Review (idReview, text, classification, user, restaurant) VALUES (117, 'Horrivel', 2, 'olioli', 12);
INSERT INTO Review (idReview, text, classification, user, restaurant) VALUES (118, 'Espetacular', 4, 'Henryyyy', 12);
INSERT INTO Review (idReview, text, classification, user, restaurant) VALUES (119, 'Divinal', 5, 'crisSiu', 12);
INSERT INTO Review (idReview, text, classification, user, restaurant) VALUES (120, 'Terrivel', 1, 'FilipeSabeTudo', 12);
INSERT INTO Review (idReview, text, classification, user, restaurant) VALUES (121, 'Excelente', 5, 'marciaEsteee', 13);
INSERT INTO Review (idReview, text, classification, user, restaurant) VALUES (122, 'Decente', 4, 'ohyesohyes', 13);
INSERT INTO Review (idReview, text, classification, user, restaurant) VALUES (123, 'Qualidade assegurada', 5, 'Quimtropedo', 13);
INSERT INTO Review (idReview, text, classification, user, restaurant) VALUES (124, 'Fraco', 2, 'cssnonstop', 13);
INSERT INTO Review (idReview, text, classification, user, restaurant) VALUES (125, 'Decente', 3, 'tigiMarq', 13);
INSERT INTO Review (idReview, text, classification, user, restaurant) VALUES (126, 'O Melhor!', 5, 'joaoJardim', 13);
INSERT INTO Review (idReview, text, classification, user, restaurant) VALUES (127, 'Horrivel', 2, 'olioli', 13);
INSERT INTO Review (idReview, text, classification, user, restaurant) VALUES (128, 'Espetacular', 4, 'Henryyyy', 13);
INSERT INTO Review (idReview, text, classification, user, restaurant) VALUES (129, 'Divinal', 5, 'crisSiu', 13);
INSERT INTO Review (idReview, text, classification, user, restaurant) VALUES (130, 'Terrivel', 1, 'FilipeSabeTudo', 13);
INSERT INTO Review (idReview, text, classification, user, restaurant) VALUES (131, 'Excelente', 5, 'marciaEsteee', 14);
INSERT INTO Review (idReview, text, classification, user, restaurant) VALUES (132, 'Decente', 4, 'ohyesohyes', 14);
INSERT INTO Review (idReview, text, classification, user, restaurant) VALUES (133, 'Qualidade assegurada', 5, 'Quimtropedo', 14);
INSERT INTO Review (idReview, text, classification, user, restaurant) VALUES (134, 'Fraco', 2, 'cssnonstop', 14);
INSERT INTO Review (idReview, text, classification, user, restaurant) VALUES (135, 'Decente', 3, 'tigiMarq', 14);
INSERT INTO Review (idReview, text, classification, user, restaurant) VALUES (136, 'O Melhor!', 5, 'joaoJardim', 14);
INSERT INTO Review (idReview, text, classification, user, restaurant) VALUES (137, 'Horrivel', 2, 'olioli', 14);
INSERT INTO Review (idReview, text, classification, user, restaurant) VALUES (138, 'Espetacular', 4, 'Henryyyy', 14);
INSERT INTO Review (idReview, text, classification, user, restaurant) VALUES (139, 'Divinal', 5, 'crisSiu', 14);
INSERT INTO Review (idReview, text, classification, user, restaurant) VALUES (140, 'Terrivel', 1, 'FilipeSabeTudo', 14);
INSERT INTO Review (idReview, text, classification, user, restaurant) VALUES (141, 'Excelente', 5, 'marciaEsteee', 15);
INSERT INTO Review (idReview, text, classification, user, restaurant) VALUES (142, 'Decente', 4, 'ohyesohyes', 15);
INSERT INTO Review (idReview, text, classification, user, restaurant) VALUES (143, 'Qualidade assegurada', 5, 'Quimtropedo', 15);
INSERT INTO Review (idReview, text, classification, user, restaurant) VALUES (144, 'Fraco', 2, 'cssnonstop', 15);
INSERT INTO Review (idReview, text, classification, user, restaurant) VALUES (145, 'Decente', 3, 'tigiMarq', 15);
INSERT INTO Review (idReview, text, classification, user, restaurant) VALUES (146, 'O Melhor!', 5, 'joaoJardim', 15);
INSERT INTO Review (idReview, text, classification, user, restaurant) VALUES (147, 'Horrivel', 2, 'olioli', 15);
INSERT INTO Review (idReview, text, classification, user, restaurant) VALUES (148, 'Espetacular', 4, 'Henryyyy', 15);
INSERT INTO Review (idReview, text, classification, user, restaurant) VALUES (149, 'Divinal', 5, 'crisSiu', 15);
INSERT INTO Review (idReview, text, classification, user, restaurant) VALUES (150, 'Terrivel', 1, 'FilipeSabeTudo', 15);
INSERT INTO Review (idReview, text, classification, user, restaurant) VALUES (151, 'Excelente', 5, 'marciaEsteee', 16);
INSERT INTO Review (idReview, text, classification, user, restaurant) VALUES (152, 'Decente', 4, 'ohyesohyes', 16);
INSERT INTO Review (idReview, text, classification, user, restaurant) VALUES (153, 'Qualidade assegurada', 5, 'Quimtropedo', 16);
INSERT INTO Review (idReview, text, classification, user, restaurant) VALUES (154, 'Fraco', 2, 'cssnonstop', 16);
INSERT INTO Review (idReview, text, classification, user, restaurant) VALUES (155, 'Decente', 3, 'tigiMarq', 16);
INSERT INTO Review (idReview, text, classification, user, restaurant) VALUES (156, 'O Melhor!', 5, 'joaoJardim', 16);
INSERT INTO Review (idReview, text, classification, user, restaurant) VALUES (157, 'Horrivel', 2, 'olioli', 16);
INSERT INTO Review (idReview, text, classification, user, restaurant) VALUES (158, 'Espetacular', 4, 'Henryyyy', 16);
INSERT INTO Review (idReview, text, classification, user, restaurant) VALUES (159, 'Divinal', 5, 'crisSiu', 16);
INSERT INTO Review (idReview, text, classification, user, restaurant) VALUES (160, 'Terrivel', 1, 'FilipeSabeTudo', 16);
INSERT INTO Review (idReview, text, classification, user, restaurant) VALUES (161, 'Excelente', 5, 'marciaEsteee', 17);
INSERT INTO Review (idReview, text, classification, user, restaurant) VALUES (162, 'Decente', 4, 'ohyesohyes', 17);
INSERT INTO Review (idReview, text, classification, user, restaurant) VALUES (163, 'Qualidade assegurada', 5, 'Quimtropedo', 17);
INSERT INTO Review (idReview, text, classification, user, restaurant) VALUES (164, 'Fraco', 2, 'cssnonstop', 17);
INSERT INTO Review (idReview, text, classification, user, restaurant) VALUES (165, 'Decente', 3, 'tigiMarq', 17);
INSERT INTO Review (idReview, text, classification, user, restaurant) VALUES (166, 'O Melhor!', 5, 'joaoJardim', 17);
INSERT INTO Review (idReview, text, classification, user, restaurant) VALUES (167, 'Horrivel', 2, 'olioli', 17);
INSERT INTO Review (idReview, text, classification, user, restaurant) VALUES (168, 'Espetacular', 4, 'Henryyyy', 17);
INSERT INTO Review (idReview, text, classification, user, restaurant) VALUES (169, 'Divinal', 5, 'crisSiu', 17);
INSERT INTO Review (idReview, text, classification, user, restaurant) VALUES (170, 'Terrivel', 1, 'FilipeSabeTudo', 17);
INSERT INTO Review (idReview, text, classification, user, restaurant) VALUES (171, 'Excelente', 5, 'marciaEsteee', 18);
INSERT INTO Review (idReview, text, classification, user, restaurant) VALUES (172, 'Decente', 4, 'ohyesohyes', 18);
INSERT INTO Review (idReview, text, classification, user, restaurant) VALUES (173, 'Qualidade assegurada', 5, 'Quimtropedo', 18);
INSERT INTO Review (idReview, text, classification, user, restaurant) VALUES (174, 'Fraco', 2, 'cssnonstop', 18);
INSERT INTO Review (idReview, text, classification, user, restaurant) VALUES (175, 'Decente', 3, 'tigiMarq', 18);
INSERT INTO Review (idReview, text, classification, user, restaurant) VALUES (176, 'O Melhor!', 5, 'joaoJardim', 18);
INSERT INTO Review (idReview, text, classification, user, restaurant) VALUES (177, 'Horrivel', 2, 'olioli', 18);
INSERT INTO Review (idReview, text, classification, user, restaurant) VALUES (178, 'Espetacular', 4, 'Henryyyy', 18);
INSERT INTO Review (idReview, text, classification, user, restaurant) VALUES (179, 'Divinal', 5, 'crisSiu', 18);
INSERT INTO Review (idReview, text, classification, user, restaurant) VALUES (180, 'Terrivel', 1, 'FilipeSabeTudo', 18);
INSERT INTO Review (idReview, text, classification, user, restaurant) VALUES (181, 'Excelente', 5, 'marciaEsteee', 19);
INSERT INTO Review (idReview, text, classification, user, restaurant) VALUES (182, 'Decente', 4, 'ohyesohyes', 19);
INSERT INTO Review (idReview, text, classification, user, restaurant) VALUES (183, 'Qualidade assegurada', 5, 'Quimtropedo', 19);
INSERT INTO Review (idReview, text, classification, user, restaurant) VALUES (184, 'Fraco', 2, 'cssnonstop', 19);
INSERT INTO Review (idReview, text, classification, user, restaurant) VALUES (185, 'Decente', 3, 'tigiMarq', 19);
INSERT INTO Review (idReview, text, classification, user, restaurant) VALUES (186, 'O Melhor!', 5, 'joaoJardim', 19);
INSERT INTO Review (idReview, text, classification, user, restaurant) VALUES (187, 'Horrivel', 2, 'olioli', 19);
INSERT INTO Review (idReview, text, classification, user, restaurant) VALUES (188, 'Espetacular', 4, 'Henryyyy', 19);
INSERT INTO Review (idReview, text, classification, user, restaurant) VALUES (189, 'Divinal', 5, 'joaoJardim', 19);
INSERT INTO Review (idReview, text, classification, user, restaurant) VALUES (190, 'Terrivel', 1, 'FilipeSabeTudo', 19);
INSERT INTO Review (idReview, text, classification, user, restaurant) VALUES (191, 'Excelente', 5, 'Quimtropedo', 20);
INSERT INTO Review (idReview, text, classification, user, restaurant) VALUES (192, 'Decente', 4, 'ohyesohyes', 20);
INSERT INTO Review (idReview, text, classification, user, restaurant) VALUES (193, 'Qualidade assegurada', 5, 'Quimtropedo', 20);
INSERT INTO Review (idReview, text, classification, user, restaurant) VALUES (194, 'Fraco', 2, 'cssnonstop', 20);
INSERT INTO Review (idReview, text, classification, user, restaurant) VALUES (195, 'Decente', 3, 'tigiMarq', 20);
INSERT INTO Review (idReview, text, classification, user, restaurant) VALUES (196, 'O Melhor!', 5, 'joaoJardim', 20);
INSERT INTO Review (idReview, text, classification, user, restaurant) VALUES (197, 'Horrivel', 2, 'olioli', 20);
INSERT INTO Review (idReview, text, classification, user, restaurant) VALUES (198, 'Espetacular', 4, 'Henryyyy', 20);
INSERT INTO Review (idReview, text, classification, user, restaurant) VALUES (199, 'Divinal', 5, 'crisSiu', 20);
INSERT INTO Review (idReview, text, classification, user, restaurant) VALUES (200, 'Terrivel', 1, 'FilipeSabeTudo', 20); 

-- Notification

INSERT INTO Notification(idNotification,type,content,user) VALUES(1,'delivery','driver picked food','Henryyyy');
INSERT INTO Notification(idNotification,type,content,user) VALUES(2,'delivery','delivery is coming','crisSiu');
INSERT INTO Notification(idNotification,type,content,user) VALUES(3,'delivery','delivery arrived','Quimtropedo');
INSERT INTO Notification(idNotification,type,content,user) VALUES(4,'food','chef is preparing','joaoJardim');
INSERT INTO Notification(idNotification,type,content,user) VALUES(5,'food','food done','olioli');
INSERT INTO Notification(idNotification,type,content,user) VALUES(6,'food','order started','tigiMarq');
INSERT INTO Notification(idNotification,type,content,user) VALUES(7,'food','order started','ohyesohyes');
INSERT INTO Notification(idNotification,type,content,user) VALUES(8,'review','review food','cssnonstop');
INSERT INTO Notification(idNotification,type,content,user) VALUES(9,'review','review driver','marciaEsteee');
INSERT INTO Notification(idNotification,type,content,user) VALUES(10,'review','review restaurant','FilipeSabeTudo');

-- FoodOrder

INSERT INTO FoodOrder(idFoodOrder,content,user,restaurant) VALUES(1,'yummy','ohyesohyes',1);
INSERT INTO FoodOrder(idFoodOrder,content,user,restaurant) VALUES(2,'yummy','marciaEsteee',2);
INSERT INTO FoodOrder(idFoodOrder,content,user,restaurant) VALUES(3,'yummy','goodKing',3);

-- OrderMessage 

INSERT INTO OrderMessage(idOrderMessage,text,foodOrder) VALUES(1,'ready',1);
INSERT INTO OrderMessage(idOrderMessage,text,foodOrder) VALUES(2,'preparing',2);
INSERT INTO OrderMessage(idOrderMessage,text,foodOrder) VALUES(3,'preparing',3);
-- DishHistory

INSERT INTO DishHistory(idDishHistory,priceHistory,dish) VALUES(1,1,1);

-- RestaurantCategory 

INSERT INTO RestaurantCategory(restaurant,category) VALUES (1,5);
INSERT INTO RestaurantCategory(restaurant,category) VALUES (2,5);
INSERT INTO RestaurantCategory(restaurant,category) VALUES (3,9);
INSERT INTO RestaurantCategory(restaurant,category) VALUES (4,3);
INSERT INTO RestaurantCategory(restaurant,category) VALUES (5,3);
INSERT INTO RestaurantCategory(restaurant,category) VALUES (6,1);
INSERT INTO RestaurantCategory(restaurant,category) VALUES (7,7);
INSERT INTO RestaurantCategory(restaurant,category) VALUES (8,2);
INSERT INTO RestaurantCategory(restaurant,category) VALUES (9,1);
INSERT INTO RestaurantCategory(restaurant,category) VALUES (10,8);
INSERT INTO RestaurantCategory(restaurant,category) VALUES (11,9);
INSERT INTO RestaurantCategory(restaurant,category) VALUES (12,1);
INSERT INTO RestaurantCategory(restaurant,category) VALUES (13,4);
INSERT INTO RestaurantCategory(restaurant,category) VALUES (14,5);
INSERT INTO RestaurantCategory(restaurant,category) VALUES (15,7);
INSERT INTO RestaurantCategory(restaurant,category) VALUES (16,6);
INSERT INTO RestaurantCategory(restaurant,category) VALUES (17,8);
INSERT INTO RestaurantCategory(restaurant,category) VALUES (18,2);
INSERT INTO RestaurantCategory(restaurant,category) VALUES (19,4);
INSERT INTO RestaurantCategory(restaurant,category) VALUES (20,6);

-- MenuDish

INSERT INTO MenuDish(menu,dish) VALUES (1,1);  
INSERT INTO MenuDish(menu,dish) VALUES (1,4);
INSERT INTO MenuDish(menu,dish) VALUES (1,7);
INSERT INTO MenuDish(menu,dish) VALUES (1,10);
INSERT INTO MenuDish(menu,dish) VALUES (1,11);
INSERT INTO MenuDish(menu,dish) VALUES (2,25);
INSERT INTO MenuDish(menu,dish) VALUES (1,20);
INSERT INTO MenuDish(menu,dish) VALUES (1,23);
INSERT INTO MenuDish(menu,dish) VALUES (2,3);
INSERT INTO MenuDish(menu,dish) VALUES (2,5);
INSERT INTO MenuDish(menu,dish) VALUES (2,15);
INSERT INTO MenuDish(menu,dish) VALUES (3,2);
INSERT INTO MenuDish(menu,dish) VALUES (2,22);
INSERT INTO MenuDish(menu,dish) VALUES (3,1);
INSERT INTO MenuDish(menu,dish) VALUES (3,20);
INSERT INTO MenuDish(menu,dish) VALUES (3,18);
INSERT INTO MenuDish(menu,dish) VALUES (3,17);
INSERT INTO MenuDish(menu,dish) VALUES (4,5);
INSERT INTO MenuDish(menu,dish) VALUES (4,14);
INSERT INTO MenuDish(menu,dish) VALUES (4,12);
INSERT INTO MenuDish(menu,dish) VALUES (4,11);
INSERT INTO MenuDish(menu,dish) VALUES (4,25);
INSERT INTO MenuDish(menu,dish) VALUES (5,6);
INSERT INTO MenuDish(menu,dish) VALUES (5,22);
INSERT INTO MenuDish(menu,dish) VALUES (5,1);
INSERT INTO MenuDish(menu,dish) VALUES (5,20);
INSERT INTO MenuDish(menu,dish) VALUES (5,18);
INSERT INTO MenuDish(menu,dish) VALUES (6,17);
INSERT INTO MenuDish(menu,dish) VALUES (6,5);
INSERT INTO MenuDish(menu,dish) VALUES (6,14);
INSERT INTO MenuDish(menu,dish) VALUES (6,12);
INSERT INTO MenuDish(menu,dish) VALUES (6,11);
INSERT INTO MenuDish(menu,dish) VALUES (7,25);
INSERT INTO MenuDish(menu,dish) VALUES (7,2);
INSERT INTO MenuDish(menu,dish) VALUES (7,22);
INSERT INTO MenuDish(menu,dish) VALUES (7,3);
INSERT INTO MenuDish(menu,dish) VALUES (7,7);
INSERT INTO MenuDish(menu,dish) VALUES (7,8);
INSERT INTO MenuDish(menu,dish) VALUES (8,17);
INSERT INTO MenuDish(menu,dish) VALUES (8,9);
INSERT INTO MenuDish(menu,dish) VALUES (8,14);
INSERT INTO MenuDish(menu,dish) VALUES (8,10);
INSERT INTO MenuDish(menu,dish) VALUES (8,12);
INSERT INTO MenuDish(menu,dish) VALUES (9,25);
INSERT INTO MenuDish(menu,dish) VALUES (9,2);
INSERT INTO MenuDish(menu,dish) VALUES (9,21);
INSERT INTO MenuDish(menu,dish) VALUES (9,6);
INSERT INTO MenuDish(menu,dish) VALUES (9,12);
INSERT INTO MenuDish(menu,dish) VALUES (10,8);
INSERT INTO MenuDish(menu,dish) VALUES (10,17);
INSERT INTO MenuDish(menu,dish) VALUES (10,9);
INSERT INTO MenuDish(menu,dish) VALUES (10,14);
INSERT INTO MenuDish(menu,dish) VALUES (10,20);
INSERT INTO MenuDish(menu,dish) VALUES (11,12);
INSERT INTO MenuDish(menu,dish) VALUES (11,1);
INSERT INTO MenuDish(menu,dish) VALUES (11,22);
INSERT INTO MenuDish(menu,dish) VALUES (11,23);
INSERT INTO MenuDish(menu,dish) VALUES (11,24);
INSERT INTO MenuDish(menu,dish) VALUES (12,11);
INSERT INTO MenuDish(menu,dish) VALUES (12,8);
INSERT INTO MenuDish(menu,dish) VALUES (12,17);
INSERT INTO MenuDish(menu,dish) VALUES (12,9);
INSERT INTO MenuDish(menu,dish) VALUES (12,14);
INSERT INTO MenuDish(menu,dish) VALUES (13,7);
INSERT INTO MenuDish(menu,dish) VALUES (13,8);
INSERT INTO MenuDish(menu,dish) VALUES (13,20);
INSERT INTO MenuDish(menu,dish) VALUES (13,25);
INSERT INTO MenuDish(menu,dish) VALUES (14,12);
INSERT INTO MenuDish(menu,dish) VALUES (14,2);
INSERT INTO MenuDish(menu,dish) VALUES (14,3);
INSERT INTO MenuDish(menu,dish) VALUES (14,10);
INSERT INTO MenuDish(menu,dish) VALUES (14,6);
INSERT INTO MenuDish(menu,dish) VALUES (15,1);
INSERT INTO MenuDish(menu,dish) VALUES (15,2);
INSERT INTO MenuDish(menu,dish) VALUES (15,9);
INSERT INTO MenuDish(menu,dish) VALUES (15,18);
INSERT INTO MenuDish(menu,dish) VALUES (15,22);
INSERT INTO MenuDish(menu,dish) VALUES (16,23);
INSERT INTO MenuDish(menu,dish) VALUES (16,2);
INSERT INTO MenuDish(menu,dish) VALUES (16,10);
INSERT INTO MenuDish(menu,dish) VALUES (16,5);
INSERT INTO MenuDish(menu,dish) VALUES (16,1);
INSERT INTO MenuDish(menu,dish) VALUES (17,10);
INSERT INTO MenuDish(menu,dish) VALUES (17,14);
INSERT INTO MenuDish(menu,dish) VALUES (17,21);
INSERT INTO MenuDish(menu,dish) VALUES (17,7);
INSERT INTO MenuDish(menu,dish) VALUES (17,15);
INSERT INTO MenuDish(menu,dish) VALUES (18,22);
INSERT INTO MenuDish(menu,dish) VALUES (18,25);
INSERT INTO MenuDish(menu,dish) VALUES (18,20);
INSERT INTO MenuDish(menu,dish) VALUES (18,11);
INSERT INTO MenuDish(menu,dish) VALUES (18,8);
INSERT INTO MenuDish(menu,dish) VALUES (19,17);
INSERT INTO MenuDish(menu,dish) VALUES (19,10);
INSERT INTO MenuDish(menu,dish) VALUES (19,6);
INSERT INTO MenuDish(menu,dish) VALUES (19,20);
INSERT INTO MenuDish(menu,dish) VALUES (19,4);
INSERT INTO MenuDish(menu,dish) VALUES (20,1);
INSERT INTO MenuDish(menu,dish) VALUES (20,10);
INSERT INTO MenuDish(menu,dish) VALUES (20,17);
INSERT INTO MenuDish(menu,dish) VALUES (20,3);
INSERT INTO MenuDish(menu,dish) VALUES (20,4);

 
 
-- FavoriteRestaurant

INSERT INTO FavoriteRestaurant(restaurant,user) VALUES (1,'JoaoCEO');
INSERT INTO FavoriteRestaurant(restaurant,user) VALUES (2,'AlbertoChad');
INSERT INTO FavoriteRestaurant(restaurant,user) VALUES (3,'MiguelAnime');

-- FavoriteDish

INSERT INTO FavoriteDish(dish,user) VALUES (1,'JoaoCEO');
INSERT INTO FavoriteDish(dish,user) VALUES (2,'AlbertoChad');
INSERT INTO FavoriteDish(dish,user) VALUES (3,'MiguelAnime');

--Image

INSERT INTO Image(idImage,title,restaurant) VALUES (1,'../images/Restaurants/1.jpeg',1);
INSERT INTO Image(idImage,title,restaurant) VALUES (2,'../images/Restaurants/2.jpg',2);
INSERT INTO Image(idImage,title,restaurant) VALUES (3,'../images/Restaurants/3.jpg',3);
INSERT INTO Image(idImage,title,restaurant) VALUES (4,'../images/Restaurants/4.jpg',4);
INSERT INTO Image(idImage,title,restaurant) VALUES (5,'../images/Restaurants/5.jpg',5);
INSERT INTO Image(idImage,title,restaurant) VALUES (6,'../images/Restaurants/6.jpg',6);
INSERT INTO Image(idImage,title,restaurant) VALUES (7,'../images/Restaurants/7.jpg',7);
INSERT INTO Image(idImage,title,restaurant) VALUES (8,'../images/Restaurants/8.jpg',8);
INSERT INTO Image(idImage,title,restaurant) VALUES (9,'../images/Restaurants/9.jpg',9);
INSERT INTO Image(idImage,title,restaurant) VALUES (10,'../images/Restaurants/10.jpg',10);
INSERT INTO Image(idImage,title,restaurant) VALUES (11,'../images/Restaurants/11.jpg',11);
INSERT INTO Image(idImage,title,restaurant) VALUES (12,'../images/Restaurants/12.jpg',12);
INSERT INTO Image(idImage,title,restaurant) VALUES (13,'../images/Restaurants/13.jpg',13);
INSERT INTO Image(idImage,title,restaurant) VALUES (14,'../images/Restaurants/14.jpg',14);
INSERT INTO Image(idImage,title,restaurant) VALUES (15,'../images/Restaurants/15.png',15);
INSERT INTO Image(idImage,title,restaurant) VALUES (16,'../images/Restaurants/16.jpg',16);
INSERT INTO Image(idImage,title,restaurant) VALUES (17,'../images/Restaurants/17.jpg',17);
INSERT INTO Image(idImage,title,restaurant) VALUES (18,'../images/Restaurants/18.png',18);
INSERT INTO Image(idImage,title,restaurant) VALUES (19,'../images/Restaurants/19.jpg',19);
INSERT INTO Image(idImage,title,restaurant) VALUES (20,'../images/Restaurants/20.webp',20);